{"cameraMode":{"drawMode":0,"name":"Shaded","section":"Shading Mode"},"sceneLighting":false,"audioPlay":false,"sceneViewState":{"showFog":true,"showMaterialUpdate":false,"showSkybox":false,"showFlares":true,"showImageEffects":true,"showParticleSystems":true},"in2DMode":false,"pivot":{"x":-0.8974121809005737,"y":1.316428303718567,"z":-0.5011473894119263},"rotation":{"x":-0.029253510758280755,"y":-0.9625922441482544,"z":0.24354328215122224,"w":-0.11546970158815384},"size":5.511627674102783,"orthographic":false}