{"cameraMode":{"drawMode":0,"name":"Shaded","section":"Shading Mode"},"sceneLighting":true,"audioPlay":false,"sceneViewState":{"showFog":true,"showMaterialUpdate":false,"showSkybox":true,"showFlares":true,"showImageEffects":true,"showParticleSystems":true},"in2DMode":false,"pivot":{"x":153.53811645507813,"y":274.82733154296877,"z":-18.482383728027345},"rotation":{"x":-0.029253510758280755,"y":-0.9625922441482544,"z":0.24354328215122224,"w":-0.11546970158815384},"size":522.0191650390625,"orthographic":false}