{"cameraMode":{"drawMode":0,"name":"Shaded","section":"Shading Mode"},"sceneLighting":true,"audioPlay":false,"sceneViewState":{"showFog":true,"showMaterialUpdate":false,"showSkybox":true,"showFlares":true,"showImageEffects":true,"showParticleSystems":true},"in2DMode":false,"pivot":{"x":24.033863067626954,"y":8.495856285095215,"z":6.097417831420898},"rotation":{"x":-0.28719067573547366,"y":0.01349528506398201,"z":-0.004086436238139868,"w":-0.9578105211257935},"size":46.57407760620117,"orthographic":false}